Date,URL
13/12/2024,https://www.geoguessr.com/challenge/OrU2NvNyfgpGfrOP
14/12/2024,https://www.geoguessr.com/challenge/bA5QZ1LANbIRerMA
15/12/2024,https://www.geoguessr.com/challenge/pCvPURTNyx43fsuB
16/12/2024,https://www.geoguessr.com/challenge/0fEq6dcLh1Y3kDiL
17/12/2024,https://www.geoguessr.com/challenge/HucGjhERWpRn7Dk5
18/12/2024,https://www.geoguessr.com/challenge/dxbdUGgA4lKpVkj8
19/12/2024,https://www.geoguessr.com/challenge/kFkyZx99xkjmqkhU
20/12/2024,https://www.geoguessr.com/challenge/UFbOyQ2SrjNA3TKA
21/12/2024,https://www.geoguessr.com/challenge/5nU6XOE64GUiVzwp
22/12/2024,https://www.geoguessr.com/challenge/Fsw7CX4x14fRYxkA
23/12/2024,https://www.geoguessr.com/challenge/KEFosBygSIAfoy5z
24/12/2024,https://www.geoguessr.com/challenge/NNhU7hv6I4IJ32QC
25/12/2024,https://www.geoguessr.com/challenge/AJxWxFHqVBpcv5Nj
26/12/2024,https://www.geoguessr.com/challenge/hxRPEKOLSHLno1do
27/12/2024,https://www.geoguessr.com/challenge/gB2qhcMyBPLOUhJH
28/12/2024,https://www.geoguessr.com/challenge/B0suWvBnrePYyEZd
29/12/2024,https://www.geoguessr.com/challenge/gxAbFnbXVbczMpTq
30/12/2024,https://www.geoguessr.com/challenge/euSVZPWjrxlD9VhM
31/12/2024,https://www.geoguessr.com/challenge/G3wdC8JuK9QH8Tvp
1/01/2025,https://www.geoguessr.com/challenge/gLvbWPkgCIw6x3Yj
2/01/2025,https://www.geoguessr.com/challenge/CjIgzlX6QyMSwbaC
3/01/2025,https://www.geoguessr.com/challenge/TTondzfZe005RqRa
4/01/2025,https://www.geoguessr.com/challenge/IkTzImZewM4avFMa
5/01/2025,https://www.geoguessr.com/challenge/n9fwSKKJAypZjdJc
6/01/2025,https://www.geoguessr.com/challenge/Iio6MBKTZa15pZ9I
7/01/2025,https://www.geoguessr.com/challenge/zyExvI6fDkHdWhQt
8/01/2025,https://www.geoguessr.com/challenge/zDuoDaQWAO7RhB76
9/01/2025,https://www.geoguessr.com/challenge/kAIZNIFBD43LlToI
10/01/2025,https://www.geoguessr.com/challenge/dQRKCWsnwoLEANqW
11/01/2025,https://www.geoguessr.com/challenge/WMkodaWpXDQOYM0k
12/01/2025,https://www.geoguessr.com/challenge/LaDj8RyICjr1YkS4
13/01/2025,https://www.geoguessr.com/challenge/P1voe2G7czuqxHti
14/01/2025,https://www.geoguessr.com/challenge/UZxryjidZ3p349PV
15/01/2025,https://www.geoguessr.com/challenge/wPMlUoeKCJkFRZFj
16/01/2025,https://www.geoguessr.com/challenge/1Oxo5HOEf3q5mqrj
17/01/2025,https://www.geoguessr.com/challenge/cEjpV4UwMENoY0df
18/01/2025,https://www.geoguessr.com/challenge/UUXyVoxzm3QKAyWy
19/01/2025,https://www.geoguessr.com/challenge/uUCJy3kTDtz55Kei
20/01/2025,https://www.geoguessr.com/challenge/znFbKTSiJnmrm3oj
21/01/2025,https://www.geoguessr.com/challenge/EHIRbSo18dRWUYpB
22/01/2025,https://www.geoguessr.com/challenge/WWLkWH2nkKKhxQ5a
23/01/2025,https://www.geoguessr.com/challenge/vqM7yJLyATT1EyNi
24/01/2025,https://www.geoguessr.com/challenge/3L3g5iAXO09S7WRm
25/01/2025,https://www.geoguessr.com/challenge/wpmSzOx03eBKnUeu
26/01/2025,https://www.geoguessr.com/challenge/yY5fLgLnXtiyxbnI
27/01/2025,https://www.geoguessr.com/challenge/qIpJJ5W0ZC826tyh
28/01/2025,https://www.geoguessr.com/challenge/WBgfLbNHhf8Hvjy1
29/01/2025,https://www.geoguessr.com/challenge/P5IubmETegZx4nVW
30/01/2025,https://www.geoguessr.com/challenge/9ka9gUtle80hFiYs
31/01/2025,https://www.geoguessr.com/challenge/ixo64ZVOLrAi3b2X
1/02/2025,https://www.geoguessr.com/challenge/48xWOWAxt5vMjQkx
2/02/2025,https://www.geoguessr.com/challenge/Ie2PdHOAUG7E4Sas
3/02/2025,https://www.geoguessr.com/challenge/1Nmo5crXvoWWmJVH
4/02/2025,https://www.geoguessr.com/challenge/EoDfaZItbBWBB5yE
5/02/2025,https://www.geoguessr.com/challenge/Gy0pQSADRI6b75qX
6/02/2025,https://www.geoguessr.com/challenge/W0x9Yz5SUuJIRpSW
7/02/2025,https://www.geoguessr.com/challenge/GBmUTB5XDUBcreDc
8/02/2025,https://www.geoguessr.com/challenge/Hs2nbzgytmGl9l9Q
9/02/2025,https://www.geoguessr.com/challenge/HfzXdI1BtOSy5Lfk
10/02/2025,https://www.geoguessr.com/challenge/KzlE4aLT7Ihi3q8x
11/02/2025,https://www.geoguessr.com/challenge/IfpnMOh26dwD4UcU
12/02/2025,https://www.geoguessr.com/challenge/5GgIpXxmV8tQiwUR
13/02/2025,https://www.geoguessr.com/challenge/vLMqP26NJqhHznt1
14/02/2025,https://www.geoguessr.com/challenge/MFPiDPreCa9b7zoQ
15/02/2025,https://www.geoguessr.com/challenge/eLik4sKG2VZzZLZC
16/02/2025,https://www.geoguessr.com/challenge/syxpvCVACHgkoOHN
17/02/2025,https://www.geoguessr.com/challenge/1tYDXTowolnrMgDd
18/02/2025,https://www.geoguessr.com/challenge/lL2hCpXweL66xGXf
19/02/2025,https://www.geoguessr.com/challenge/6UcRDHlw2lpYLt4v
20/02/2025,https://www.geoguessr.com/challenge/FHW3NNvst4QJh7WN
21/02/2025,https://www.geoguessr.com/challenge/igsrLTJTB4ynOV6q
22/02/2025,https://www.geoguessr.com/challenge/O2t1l7lAbsFUtYEi
23/02/2025,https://www.geoguessr.com/challenge/YfMjbOEIRK1CKFsz
24/02/2025,https://www.geoguessr.com/challenge/wL6GuNpgrGdRonjL
25/02/2025,https://www.geoguessr.com/challenge/VWCcy6mYcPKH6TD5
